Date,Name,Year,Letterboxd URI,Rating,Rewatch,Tags,Watched Date
2023-10-18,OMG 2,2023,https://boxd.it/50NDdV,4.5,,,2023-10-17
2023-11-10,Oppenheimer,2023,https://boxd.it/58A4Xl,5,,,2023-11-10
2023-11-14,Rush,2013,https://boxd.it/59LOvX,4.5,Yes,,2023-11-13
2023-11-25,Schindler's List,1993,https://boxd.it/5ddb4h,5,,,2023-11-24
2023-11-25,The Pianist,2002,https://boxd.it/5ddbcF,5,,,2023-11-24
2023-11-25,Hachi: A Dog's Tale,2009,https://boxd.it/5ddblH,4.5,,,2023-11-24
2023-12-03,Scarface,1983,https://boxd.it/5g1tbD,5,,,2023-12-02
2023-12-12,The Godfather,1972,https://boxd.it/5jbWzr,5,,,2023-12-11
2023-12-12,The Godfather Part II,1974,https://boxd.it/5jbWHb,5,,,2023-12-11
2023-12-12,The Godfather Part III,1990,https://boxd.it/5jbWSN,4,,,2023-12-11
2023-12-12,A History of Violence,2005,https://boxd.it/5jbX5R,4,,,2023-12-11
2023-12-12,Pulp Fiction,1994,https://boxd.it/5jbXhj,5,,,2023-12-11
2023-12-12,GoodFellas,1990,https://boxd.it/5jbXpH,5,,,2023-12-11
2023-12-12,City of God,2002,https://boxd.it/5jbXDT,5,,,2023-12-11
2023-12-12,Scent of a Woman,1992,https://boxd.it/5jbXW7,4,,,2023-12-11
2023-12-12,The Equalizer,2014,https://boxd.it/5jbY6r,4.5,,,2023-12-11
2023-12-12,The Equalizer 2,2018,https://boxd.it/5jbYfD,4.5,,,2023-12-11
2023-12-12,"The Good, the Bad and the Ugly",1966,https://boxd.it/5jbYKh,5,,,2023-12-11
2023-12-12,Jigarthanda,2014,https://boxd.it/5jbYWH,5,,,2023-12-11
2023-12-12,Jigarthanda DoubleX,2023,https://boxd.it/5jbZ2F,5,,,2023-12-11
2023-12-12,Killers of the Flower Moon,2023,https://boxd.it/5jbZiX,5,,,2023-12-11
2023-12-12,There Will Be Blood,2007,https://boxd.it/5jbZAH,5,,,2023-12-11
2023-12-12,Gangs of New York,2002,https://boxd.it/5jbZWj,4.5,,,2023-12-11
2023-12-12,Lincoln,2012,https://boxd.it/5jc0vt,4.5,,,2023-12-11
2023-12-12,Eternal Sunshine of the Spotless Mind,2004,https://boxd.it/5jc2BX,4,,,2023-12-11
2023-12-12,Serpico,1973,https://boxd.it/5jc2PP,4.5,,,2023-12-11
2023-12-12,...And Justice for All,1979,https://boxd.it/5jc2ZP,4.5,,,2023-12-11
2023-12-12,The Devil's Advocate,1997,https://boxd.it/5jc3dn,4,,,2023-12-11
2023-12-12,Se7en,1995,https://boxd.it/5jc3x3,5,,,2023-12-11
2023-12-12,Zodiac,2007,https://boxd.it/5jc3JN,4.5,,,2023-12-11
2023-12-12,Fight Club,1999,https://boxd.it/5jc4iX,5,,,2023-12-11
2023-12-12,Gone Girl,2014,https://boxd.it/5jc4pp,5,,,2023-12-11
2023-12-12,The Girl with the Dragon Tattoo,2011,https://boxd.it/5jc4y7,4,,,2023-12-11
2023-12-12,The Curious Case of Benjamin Button,2008,https://boxd.it/5jc4Dh,4.5,,,2023-12-11
2023-12-12,Enemy,2013,https://boxd.it/5jc53J,3.5,,,2023-12-11
2023-12-12,Django Unchained,2012,https://boxd.it/5jc65B,4.5,,,2023-12-11
2023-12-12,The Departed,2006,https://boxd.it/5jc6lf,4.5,,,2023-12-11
2023-12-12,Revolutionary Road,2008,https://boxd.it/5jc6wH,4,,,2023-12-11
2023-12-12,No Country for Old Men,2007,https://boxd.it/5jc8Ah,5,,,2023-12-11
2023-12-12,Ben-Hur,1959,https://boxd.it/5jccuH,5,,,2023-12-11
2023-12-12,Zack Snyder's Justice League,2021,https://boxd.it/5jcd5t,5,,,2023-12-11
2023-12-12,Watchmen,2009,https://boxd.it/5jcdIl,5,,,2023-12-11
2023-12-12,Man of Steel,2013,https://boxd.it/5jce0T,5,,,2023-12-11
2023-12-12,300,2006,https://boxd.it/5jce9r,5,,,2023-12-11
2023-12-12,12 Angry Men,1957,https://boxd.it/5jceQZ,5,,,2023-12-11
2023-12-13,The Green Mile,1999,https://boxd.it/5jwdR3,5,,,2023-12-12
2023-12-13,The Shawshank Redemption,1994,https://boxd.it/5jwe6n,5,,,2023-12-12
2023-12-13,Forrest Gump,1994,https://boxd.it/5jweit,5,,,2023-12-12
2023-12-13,Saving Private Ryan,1998,https://boxd.it/5jwf9x,5,,,2023-12-12
2023-12-13,Cast Away,2000,https://boxd.it/5jwfen,4.5,,,2023-12-12
2023-12-15,Psycho,1960,https://boxd.it/5kl0Kv,5,,,2023-12-15
2023-12-22,A Fistful of Dollars,1964,https://boxd.it/5mYQAX,5,,,2023-12-22
2023-12-22,Vertigo,1958,https://boxd.it/5mYQPD,5,,,2023-12-22
2023-12-22,Ugramm,2014,https://boxd.it/5mYS8V,4.5,,,2023-12-22
2023-12-23,Rebel Moon – Part One: A Child of Fire,2023,https://boxd.it/5ncBhz,4,,,2023-12-22
2023-12-23,The Irishman,2019,https://boxd.it/5ncFrt,4.5,,,2023-12-22
2023-12-23,Taxi Driver,1976,https://boxd.it/5ncG5j,4.5,,,2023-12-22
2023-12-23,Joker,2019,https://boxd.it/5ncGIF,5,,,2023-12-22
2024-01-01,12th Fail,2023,https://boxd.it/5s2fL3,5,,,2023-12-31
2024-01-01,Saltburn,2023,https://boxd.it/5sq6kb,4.5,,,2024-01-01
2024-01-01,Past Lives,2023,https://boxd.it/5st4PH,4.5,,,2024-01-01
2024-01-03,Maestro,2023,https://boxd.it/5tU64B,4,,,2024-01-03
2024-01-09,Jojo Rabbit,2019,https://boxd.it/5xUE1n,5,,,2024-01-09
2024-01-10,Asteroid City,2023,https://boxd.it/5xZNoF,5,,,2024-01-09
2024-01-12,2001: A Space Odyssey,1968,https://boxd.it/5yZLav,4.5,,,2024-01-11
2024-01-12,Perfect Blue,1997,https://boxd.it/5yZLIx,4.5,,,2024-01-11
2024-01-12,Raging Bull,1980,https://boxd.it/5zoGAN,5,,,2024-01-12
2024-01-12,The Handmaiden,2016,https://boxd.it/5zrVYr,5,,,2024-01-12
2024-01-13,Hereditary,2018,https://boxd.it/5zuFV3,4.5,,,2024-01-12
2024-01-13,The Call,2020,https://boxd.it/5A0dDp,4.5,,,2024-01-13
2024-01-13,Black Swan,2010,https://boxd.it/5A0dSJ,4.5,,,2024-01-13
2024-01-14,The Adventures of Tintin,2011,https://boxd.it/5AtJh9,4.5,,,2024-01-14
2024-01-15,Apocalypse Now,1979,https://boxd.it/5Bekmd,4.5,,,2024-01-15
2024-01-16,Kaathal - The Core,2023,https://boxd.it/5Bndxh,5,Yes,,2024-01-15
2024-01-16,The Cabin in the Woods,2011,https://boxd.it/5Bnedd,4,,,2024-01-15
2024-01-16,The Lighthouse,2019,https://boxd.it/5BJCtD,4.5,,,2024-01-16
2024-01-17,Inglourious Basterds,2009,https://boxd.it/5BSE4t,5,,,2024-01-16
2024-01-20,Casino,1995,https://boxd.it/5DeFRp,5,,,2024-01-19
2024-01-28,Neru,2023,https://boxd.it/5HbE8N,4.5,,,2024-01-27
2024-01-28,Death's Game,2023,https://boxd.it/5HbExX,5,,,2024-01-27
2024-01-28,The Intouchables,2011,https://boxd.it/5Hg2kh,5,,,2024-01-27
2024-02-02,Anatomy of a Fall,2023,https://boxd.it/5JJECJ,4.5,,,2024-02-01
2024-02-03,Dog Day Afternoon,1975,https://boxd.it/5K8LaH,4.5,,,2024-02-02
2024-02-03,Aquaman and the Lost Kingdom,2023,https://boxd.it/5Kx9Fx,3.5,,,2024-02-03
2024-02-04,The Holdovers,2023,https://boxd.it/5L2z2N,4.5,,,2024-02-04
2024-02-05,Irreversible,2002,https://boxd.it/5L8wsP,3.5,,,2024-02-04
2024-02-08,The Imitation Game,2014,https://boxd.it/5MR0Bp,5,,,2024-02-08
2024-02-10,Anyone But You,2023,https://boxd.it/5NzL7z,2.5,,,2024-02-10
2024-02-11,The Machinist,2004,https://boxd.it/5OaD9V,4.5,,,2024-02-11
2024-02-11,Guardians of the Galaxy Vol. 3,2023,https://boxd.it/5OdHVF,5,,,2024-02-11
2024-02-14,12 Years a Slave,2013,https://boxd.it/5Pe9mH,5,,,2024-02-13
2024-02-17,Aparajito,1956,https://boxd.it/5Qtted,4.5,,,2024-02-16
2024-02-18,The City of Lost Children,1995,https://boxd.it/5QTacf,4,,,2024-02-17
2024-02-18,Cinema Paradiso,1988,https://boxd.it/5QUNjV,5,,,2024-02-17
2024-02-18,Dunki,2023,https://boxd.it/5RoYNd,4.5,,,2024-02-18
2024-02-19,The Shining,1980,https://boxd.it/5RRqVZ,4.5,,,2024-02-19
2024-02-20,The Bang Bang Club,2010,https://boxd.it/5S5Kg1,4,,,2024-02-19
2024-02-21,Robot Dreams,2023,https://boxd.it/5SvFGF,5,,,2024-02-20
2024-02-22,American Fiction,2023,https://boxd.it/5TcDsd,4.5,,,2024-02-22
2024-02-24,Mean Girls,2024,https://boxd.it/5TZ5Ub,1,,,2024-02-24
2024-02-24,Uncut Gems,2019,https://boxd.it/5TZ6uj,3.5,,,2024-02-24
2024-02-29,Poor Things,2023,https://boxd.it/5W8KRt,4.5,,,2024-02-28
2024-03-03,Rustin,2023,https://boxd.it/5XR4b5,4.5,,,2024-03-03
2024-03-05,The Hateful Eight,2015,https://boxd.it/5YQiQN,4.5,,,2024-03-05
2024-03-07,Reservoir Dogs,1992,https://boxd.it/5Zsc7t,4,,,2024-03-06
2024-03-07,Once Upon a Time... in Hollywood,2019,https://boxd.it/5Zsdu9,4.5,,,2024-03-06
2024-03-08,Eraserhead,1977,https://boxd.it/5ZRIiX,4,,,2024-03-07
2024-03-08,Mulholland Drive,2001,https://boxd.it/608mGd,4,,,2024-03-08
2024-03-08,Barbie,2023,https://boxd.it/60aoxh,4,,,2024-03-08
2024-03-09,Requiem for a Dream,2000,https://boxd.it/60e023,4.5,,,2024-03-08
2024-03-10,The Zone of Interest,2023,https://boxd.it/60IZsB,3,,,2024-03-09
2024-03-10,Gunaa,1991,https://boxd.it/60J0jP,5,,,2024-03-09
2024-03-17,Uttama Villain,2015,https://boxd.it/6423Kz,4,,,2024-03-16
2024-03-17,Bramayugam,2024,https://boxd.it/64248r,4.5,,,2024-03-16
2024-03-17,Kill Bill: Vol. 1,2003,https://boxd.it/64ui2X,4.5,,,2024-03-17
2024-03-19,Kill Bill: Vol. 2,2004,https://boxd.it/65pgH9,4.5,,,2024-03-19
2024-03-21,Vishwaroopam,2013,https://boxd.it/660FCd,5,,,2024-03-20
2024-03-21,Vishwaroopam II,2018,https://boxd.it/660Gt7,4,,,2024-03-20
2024-03-27,Geethanjali,1989,https://boxd.it/68IDpn,5,,,2024-03-26
2024-03-27,Training Day,2001,https://boxd.it/68IDIT,4,,,2024-03-26
2024-03-29,Aalavandhan,2001,https://boxd.it/69BvFH,4,,,2024-03-28
2024-03-29,Midsommar,2019,https://boxd.it/69WDhv,4.5,,,2024-03-29
2024-03-29,Godzilla × Kong: The New Empire,2024,https://boxd.it/69YNSb,4,,,2024-03-29
2024-03-31,Siva,1989,https://boxd.it/6ayov9,4.5,,,2024-03-30
2024-04-02,Pudhupettai,2006,https://boxd.it/6bKuJf,4.5,,,2024-04-01
2024-04-03,Swades,2004,https://boxd.it/6cxtVR,5,,,2024-04-03
2024-04-04,Seven Samurai,1954,https://boxd.it/6cVNmb,5,,,2024-04-04
2024-04-06,Ikiru,1952,https://boxd.it/6dLxfd,5,,,2024-04-06
2024-04-07,Dune: Part Two,2024,https://boxd.it/6efef9,5,,,2024-04-07
2024-04-13,A Writer's Odyssey,2021,https://boxd.it/6gFzSL,4,,,2024-04-13
2024-04-14,Premalu,2024,https://boxd.it/6h7bwx,5,,,2024-04-14
2024-04-14,Gaami,2024,https://boxd.it/6h7bOB,5,,,2024-04-14
2024-04-14,Drive,2011,https://boxd.it/6h7bVR,5,,,2024-04-14
2024-04-17,Rockstar,2011,https://boxd.it/6i0QSf,4.5,,,2024-04-16
2024-04-17,Lagaan: Once Upon a Time in India,2001,https://boxd.it/6ifkCJ,5,,,2024-04-17
2024-04-17,PK,2014,https://boxd.it/6ihYqH,5,,,2024-04-17
2024-04-20,Vada Chennai,2018,https://boxd.it/6j0Gm3,4.5,,,2024-04-19
2024-04-21,Sanju,2018,https://boxd.it/6jEoIZ,5,,,2024-04-21
2024-04-26,Monkey Man,2024,https://boxd.it/6lnmEP,4,,,2024-04-25
2024-04-28,Saani Kaayidham,2022,https://boxd.it/6mwaqX,3.5,,,2024-04-28
2024-04-28,Mayakkam Enna,2011,https://boxd.it/6mwbqJ,4.5,,,2024-04-28
2024-04-30,Lost Ladies,2023,https://boxd.it/6nogXh,5,,,2024-04-30
2024-05-02,(Tillu)²,2024,https://boxd.it/6odwnr,3,,,2024-05-02
2024-05-03,Kaaka Muttai,2014,https://boxd.it/6opn2N,5,,,2024-05-02
2024-05-04,Godzilla Minus One,2023,https://boxd.it/6oNIyD,5,,,2024-05-03
2024-05-05,Into the Wild,2007,https://boxd.it/6pEy2j,4,,,2024-05-05
2024-05-06,Killer's Kiss,1955,https://boxd.it/6pL0c9,4,,,2024-05-05
2024-05-06,Manjummel Boys,2024,https://boxd.it/6qdN4p,5,,,2024-05-06
2024-05-06,Brothers,2009,https://boxd.it/6qghDX,4,,,2024-05-06
2024-05-10,Memories of Murder,2003,https://boxd.it/6roqHJ,5,,,2024-05-09
2024-05-11,Shaitaan,2024,https://boxd.it/6rKZNB,4,,,2024-05-10
2024-05-12,Aavesham,2024,https://boxd.it/6ssRuT,5,,,2024-05-12
2024-05-12,Kingdom of the Planet of the Apes,2024,https://boxd.it/6sxA3L,4.5,,,2024-05-12
2024-05-15,The Lobster,2015,https://boxd.it/6tr3hR,4.5,,,2024-05-14
2024-05-18,Amadeus,1984,https://boxd.it/6usbVB,5,,,2024-05-17
2024-05-19,Lars and the Real Girl,2007,https://boxd.it/6uOG4x,5,,,2024-05-18
2024-05-22,Zara Hatke Zara Bachke,2023,https://boxd.it/6w8y5L,3.5,,,2024-05-21
2024-05-23,Challengers,2024,https://boxd.it/6wKvGF,4,,,2024-05-23
2024-05-24,The Fall Guy,2024,https://boxd.it/6wVEon,4,,,2024-05-23
2024-05-25,Maidaan,2024,https://boxd.it/6xxW5p,4,,,2024-05-25
2024-05-26,A Tale of Two Sisters,2003,https://boxd.it/6xZYmN,4,,,2024-05-26
2024-05-27,Sasquatch Sunset,2024,https://boxd.it/6yCWut,4.5,,,2024-05-27
2024-05-29,Crew,2024,https://boxd.it/6z7VVF,2.5,,,2024-05-28
2024-05-31,Civil War,2024,https://boxd.it/6zRZCp,3.5,,,2024-05-30
2024-05-31,Her,2013,https://boxd.it/6AbuoV,4.5,,,2024-05-31
2024-06-02,All of Us Strangers,2023,https://boxd.it/6B1Z0p,3.5,,,2024-06-02
2024-06-02,The Descent,2005,https://boxd.it/6B5ZLt,4,,,2024-06-02
2024-06-03,The Seventh Seal,1957,https://boxd.it/6BzkH1,4,,,2024-06-03
2024-06-04,Primal Fear,1996,https://boxd.it/6BU8nP,4.5,,,2024-06-04
2024-06-04,The First Omen,2024,https://boxd.it/6BXKgj,4.5,,,2024-06-04
2024-06-06,Moondram Pirai,1982,https://boxd.it/6CDRrx,5,,,2024-06-06
2024-06-08,Mother,2009,https://boxd.it/6Dm39t,4.5,,,2024-06-08
2024-06-08,Fractured,2019,https://boxd.it/6DnWQz,3.5,,,2024-06-08
2024-06-08,The Wailing,2016,https://boxd.it/6DqeNR,4.5,,,2024-06-08
2024-06-09,Edge of Tomorrow,2014,https://boxd.it/6Dv9sp,5,,,2024-06-08
2024-06-09,Parasite,2019,https://boxd.it/6DQvXB,5,,,2024-06-09
2024-06-11,Annihilation,2018,https://boxd.it/6EqLG9,4,,,2024-06-10
2024-06-16,Suspiria,2018,https://boxd.it/6GeuJJ,4,,,2024-06-15
2024-06-16,Shin Godzilla,2016,https://boxd.it/6GzMdX,4.5,,,2024-06-16
2024-06-17,Now You See Me 2,2016,https://boxd.it/6GGGOR,4,,,2024-06-16
2024-06-17,The Usual Suspects,1995,https://boxd.it/6GZbCX,4.5,,,2024-06-17
2024-06-17,Hit Man,2023,https://boxd.it/6H3FNJ,4.5,,,2024-06-17
2024-06-18,Scouts Guide to the Zombie Apocalypse,2015,https://boxd.it/6H8Gbh,3,,,2024-06-17
2024-06-19,The Thing,1982,https://boxd.it/6HQnud,5,,,2024-06-19
2024-06-20,Stalker,1979,https://boxd.it/6HUlnH,4.5,,,2024-06-19
2024-06-20,The Others,2001,https://boxd.it/6IaXJj,4.5,,,2024-06-20
2024-06-20,Star,2024,https://boxd.it/6IcSfH,4.5,,,2024-06-20
2024-06-20,Flight,2012,https://boxd.it/6IegWn,5,,,2024-06-20
2024-06-22,The Tree of Life,2011,https://boxd.it/6ICaxJ,4,,,2024-06-21
2024-06-22,"Lock, Stock and Two Smoking Barrels",1998,https://boxd.it/6ITjix,4.5,,,2024-06-22
2024-06-23,Cure,1997,https://boxd.it/6JnMMh,5,,,2024-06-23
2024-06-29,Furiosa: A Mad Max Saga,2024,https://boxd.it/6Lon45,4.5,,,2024-06-28
2024-06-30,Downfall,2004,https://boxd.it/6LNF1t,4.5,,,2024-06-29
2024-07-01,Ghost in the Shell,1995,https://boxd.it/6MyP89,4.5,,,2024-07-01
2024-07-01,Once Upon a Time in America,1984,https://boxd.it/6MyPET,5,,,2024-07-01
2024-07-03,Eyes Wide Shut,1999,https://boxd.it/6N339v,5,,,2024-07-02
2024-07-03,Blade Runner,1982,https://boxd.it/6N33XP,5,,,2024-07-02
2024-07-03,Burning,2018,https://boxd.it/6Nqdvn,4.5,,,2024-07-03
2024-07-03,Fantastic Planet,1973,https://boxd.it/6Nr4d7,4,,,2024-07-03
2024-07-04,Pinocchio,1940,https://boxd.it/6NsyqH,4.5,,,2024-07-03
2024-07-05,I Saw the Devil,2010,https://boxd.it/6NRvl5,5,,,2024-07-04
2024-07-05,The Other Me,2016,https://boxd.it/6Of1PR,5,,,2024-07-05
2024-07-06,Equilibrium,2002,https://boxd.it/6Ohd1t,4,,,2024-07-05
2024-07-06,Exhuma,2024,https://boxd.it/6OCtkt,4.5,,,2024-07-06
2024-07-07,Peranbu,2018,https://boxd.it/6OIfqp,4,,,2024-07-06
2024-07-08,The Outlaws,2017,https://boxd.it/6Pz9Cb,4.5,,,2024-07-08
2024-07-09,Pawn,2020,https://boxd.it/6PGg2j,5,,,2024-07-08
2024-07-10,"The Gangster, the Cop, the Devil",2019,https://boxd.it/6Q89Ld,4.5,,,2024-07-09
2024-07-10,Miracle in Cell No. 7,2013,https://boxd.it/6QsHVB,4.5,,,2024-07-10
2024-07-10,20th Century Girl,2022,https://boxd.it/6QvEid,4.5,,,2024-07-10
2024-07-11,The Invisible Guest,2016,https://boxd.it/6QTLwz,5,,,2024-07-11
2024-07-11,Children of Heaven,1997,https://boxd.it/6QVSdN,5,,,2024-07-11
2024-07-13,Maharaja,2024,https://boxd.it/6RMs0J,5,,,2024-07-13
2024-07-14,Capernaum,2018,https://boxd.it/6RPAyZ,5,,,2024-07-13
2024-07-14,Inside Out,2015,https://boxd.it/6SjBHN,4,,,2024-07-14
2024-07-16,One Flew Over the Cuckoo's Nest,1975,https://boxd.it/6SPRyr,4.5,,,2024-07-15
2024-07-16,Life Is Beautiful,1997,https://boxd.it/6TenBZ,4.5,,,2024-07-16
2024-07-18,Twinkling Watermelon,2023,https://boxd.it/6TLuIz,4.5,,,2024-07-17
2024-07-19,Malik,2021,https://boxd.it/6UsKBP,4.5,,,2024-07-19
2024-07-19,The Silence of the Lambs,1991,https://boxd.it/6Uvlqj,4.5,,,2024-07-19
2024-07-19,Rear Window,1954,https://boxd.it/6UwX69,4.5,,,2024-07-19
2024-07-19,The Neighbors,2012,https://boxd.it/6Uy413,5,,,2024-07-19
2024-07-20,Upstream Color,2013,https://boxd.it/6UTiAX,3.5,,,2024-07-20
2024-07-21,The Goat Life,2024,https://boxd.it/6UYD6T,4.5,,,2024-07-20
2024-07-21,Cashback,2006,https://boxd.it/6V1a6V,3,,,2024-07-20
2024-07-21,Career Opportunities,1991,https://boxd.it/6VnWkP,3,,,2024-07-21
2024-07-26,Kill,2023,https://boxd.it/6XnV5x,4.5,,,2024-07-25
2024-07-27,Host,2020,https://boxd.it/6XPXSR,4.5,,,2024-07-26
2024-07-29,Deadpool & Wolverine,2024,https://boxd.it/6YKJ19,4,,,2024-07-28
2024-07-29,Sleep,2023,https://boxd.it/6YOzED,3.5,,,2024-07-28
2024-08-02,Srikanth,2024,https://boxd.it/70ucSF,5,,,2024-08-01
2024-08-05,Amélie,2001,https://boxd.it/71Tbvp,4.5,,,2024-08-05
2024-08-13,C/o Kancharapalem,2018,https://boxd.it/75j8Lj,5,,,2024-08-12
2024-08-15,Haseen Dillruba,2021,https://boxd.it/76dSWf,4,,,2024-08-14
2024-08-16,Phir Aayi Hasseen Dillruba,2024,https://boxd.it/76T9i9,3.5,,,2024-08-16
2024-08-17,Twisters,2024,https://boxd.it/775ARz,4,,,2024-08-16
2024-08-19,Dil Se..,1998,https://boxd.it/78wAwp,4.5,,,2024-08-19
2024-08-21,Pekamedalu,2024,https://boxd.it/793fJt,4,,,2024-08-20
2024-08-24,Kalki 2898-AD,2024,https://boxd.it/7aiYxh,4,,,2024-08-23
2024-08-24,Andala Rakshasi,2012,https://boxd.it/7aiYT3,4,,,2024-08-23
2024-08-25,Raayan,2024,https://boxd.it/7bbCub,4,,,2024-08-25
2024-08-25,1: Nenokkadine,2014,https://boxd.it/7bfTIH,4.5,,,2024-08-25
2024-08-26,Martyrs,2008,https://boxd.it/7bi9lN,5,,,2024-08-25
2024-08-26,Ae Dil Hai Mushkil,2016,https://boxd.it/7bMqql,4.5,,,2024-08-26
2024-08-29,Veeranjaneyulu Vihara Yatra,2024,https://boxd.it/7cK7KV,4,,,2024-08-28
2024-09-01,"Batman: The Dark Knight Returns, Part 1",2012,https://boxd.it/7e1M3h,4,,,2024-08-31
2024-09-01,"Batman: The Dark Knight Returns, Part 2",2013,https://boxd.it/7e1MBj,4.5,,,2024-08-31
2024-09-01,Braveheart,1995,https://boxd.it/7eqFJP,5,,,2024-09-01
2024-09-07,Maharaj,2024,https://boxd.it/7h3mOx,4.5,,,2024-09-07
2024-09-08,Che: Part One,2008,https://boxd.it/7hDHZ9,4.5,,,2024-09-08
2024-09-09,My Name Is Khan,2010,https://boxd.it/7hINWZ,4.5,,,2024-09-08
2024-09-12,Roja,1992,https://boxd.it/7j5L5z,5,,,2024-09-11
2024-09-15,Pithamagan,2003,https://boxd.it/7kkXav,4,,,2024-09-14
2024-09-15,BLUE LOCK THE MOVIE -EPISODE NAGI-,2024,https://boxd.it/7kpasF,4.5,,,2024-09-15
2024-09-15,Satya,1998,https://boxd.it/7kN2il,4.5,,,2024-09-15
2024-09-16,Kinds of Kindness,2024,https://boxd.it/7liGf9,4,,,2024-09-16
2024-09-21,Tumbbad,2018,https://boxd.it/7mY3qZ,5,,,2024-09-20
2024-09-22,Sector 36,2024,https://boxd.it/7nSoab,4,,,2024-09-22
2024-09-23,Maheshinte Prathikaaram,2016,https://boxd.it/7nX7EN,4.5,,,2024-09-22
2024-09-25,One Cut of the Dead,2017,https://boxd.it/7oQknl,5,,,2024-09-24
2024-09-27,Saripodhaa Sanivaaram,2024,https://boxd.it/7pSiCr,4,,,2024-09-27
2024-09-27,Devara: Part 1,2024,https://boxd.it/7pVovH,4,,,2024-09-27
2024-09-28,Munjya,2024,https://boxd.it/7pXSNF,4,,,2024-09-27
2024-09-29,Demonte Colony,2015,https://boxd.it/7qs8Mj,4.5,,,2024-09-28
2024-09-29,Demonte Colony 2,2024,https://boxd.it/7qSEPB,4,,,2024-09-29
2024-09-30,The Grand Budapest Hotel,2014,https://boxd.it/7qV0mP,4.5,,,2024-09-29
2024-10-03,Stree,2018,https://boxd.it/7sjwXl,4,,,2024-10-02
2024-10-03,Stree 2,2024,https://boxd.it/7skH7x,4,,,2024-10-02
2024-10-04,Dr. Strangelove or: How I Learned to Stop Worrying and Love the Bomb,1964,https://boxd.it/7t0D2H,4.5,,,2024-10-04
2024-10-05,Pather Panchali,1955,https://boxd.it/7tcxSB,4.5,,,2024-10-04
2024-10-06,Paths of Glory,1957,https://boxd.it/7uazLR,4.5,,,2024-10-06
2024-10-06,Arrival,2016,https://boxd.it/7uaCT5,5,,,2024-10-06
2024-10-06,Prisoners,2013,https://boxd.it/7uaD1X,4.5,,,2024-10-06
2024-10-06,Sicario,2015,https://boxd.it/7uaDaP,4,,,2024-10-06
2024-10-06,Interstellar,2014,https://boxd.it/7uaDYb,5,,,2024-10-06
2024-10-06,Inception,2010,https://boxd.it/7uaE9N,5,,,2024-10-06
2024-10-06,The Dark Knight,2008,https://boxd.it/7uaEhR,5,Yes,,2024-10-06
2024-10-06,Tenet,2020,https://boxd.it/7uaEs1,4,,,2024-10-06
2024-10-06,The Dark Knight Rises,2012,https://boxd.it/7uaEyN,4.5,,,2024-10-06
2024-10-06,The Prestige,2006,https://boxd.it/7uaEFJ,5,,,2024-10-06
2024-10-06,Batman Begins,2005,https://boxd.it/7uaENN,5,,,2024-10-06
2024-10-11,Gangs of Wasseypur – Part 1,2012,https://boxd.it/7wsKot,4.5,,,2024-10-11
2024-10-12,Apur Sansar,1959,https://boxd.it/7wXtPf,4.5,,,2024-10-12
2024-10-12,It's What's Inside,2024,https://boxd.it/7wXuop,3.5,,,2024-10-12
2024-10-12,Devi,1960,https://boxd.it/7x1xrJ,5,,,2024-10-12
2024-10-14,Wake Up Sid,2009,https://boxd.it/7ydglH,4,,,2024-10-14
2024-10-18,The Substance,2024,https://boxd.it/7zHYQD,4,,,2024-10-17
2024-10-21,Vaazhai,2024,https://boxd.it/7Bel41,4,,,2024-10-20
2024-10-24,The Wild Robot,2024,https://boxd.it/7CRtrT,4.5,,,2024-10-23
2024-10-28,Meiyazhagan,2024,https://boxd.it/7ENDhz,5,,,2024-10-27
2024-10-28,Uzumaki,2024,https://boxd.it/7EODGV,3.5,,,2024-10-27
2024-10-29,Transformers One,2024,https://boxd.it/7FNzx3,4.5,,,2024-10-29
2024-11-03,How to Make Millions Before Grandma Dies,2024,https://boxd.it/7I3wkP,5,,,2024-11-02
2024-11-04,Rudraveena,1988,https://boxd.it/7IFDKh,5,,,2024-11-03
2024-11-06,Lubber Pandhu,2024,https://boxd.it/7JLPbf,4.5,,,2024-11-05
2024-11-07,Like Stars on Earth,2007,https://boxd.it/7KtLLV,5,,,2024-11-07
2024-11-09,Boyhood,2014,https://boxd.it/7L0Th1,3.5,,,2024-11-08
2024-11-10,The Skin I Live In,2011,https://boxd.it/7LwnKf,5,,,2024-11-09
2024-11-10,The Killing of a Sacred Deer,2017,https://boxd.it/7LZ9zP,4,,,2024-11-10
2024-11-13,The Penguin,2024,https://boxd.it/7NeDVP,4.5,,,2024-11-12
2024-11-14,The Hunt,2012,https://boxd.it/7NEqgr,5,,,2024-11-13
2024-11-14,Gladiator,2000,https://boxd.it/7O1vB1,5,,,2024-11-14
2024-11-14,Kingdom of Heaven,2005,https://boxd.it/7O1zJN,5,,,2024-11-14
2024-11-21,Nocturnal Animals,2016,https://boxd.it/7Rc3Pt,5,,,2024-11-20
2024-11-22,Megalopolis,2024,https://boxd.it/7RCxlb,4,,,2024-11-21
2024-11-23,Birdman or (The Unexpected Virtue of Ignorance),2014,https://boxd.it/7S53bt,5,,,2024-11-22
2024-11-24,Mystic River,2003,https://boxd.it/7SuEOn,4,,,2024-11-23
2024-11-24,Caveat,2020,https://boxd.it/7Svviz,3.5,,,2024-11-23
2024-11-24,Smile,2022,https://boxd.it/7SwYpB,4,,,2024-11-23
2024-11-28,Memento,2000,https://boxd.it/7UG32t,5,,,2024-11-27
2024-11-29,We Live in Time,2024,https://boxd.it/7V69Hz,4,,,2024-11-28
2024-11-29,Children of Men,2006,https://boxd.it/7V80SH,4.5,,,2024-11-28
2024-11-29,Smile 2,2024,https://boxd.it/7VbkUf,4,,,2024-11-28
2024-11-30,Kishkindha Kaandam,2024,https://boxd.it/7VAoVV,4,,,2024-11-29
2024-11-30,Lucky Baskhar,2024,https://boxd.it/7VCSiX,4.5,,,2024-11-29
2024-11-30,Raanjhanaa,2013,https://boxd.it/7W2fyp,4,,,2024-11-30
2024-12-01,mother!,2017,https://boxd.it/7W6pLL,3.5,,,2024-11-30
2024-12-01,Donnie Darko,2001,https://boxd.it/7W7K9v,4,,,2024-11-30
2024-12-01,The Taking of Deborah Logan,2014,https://boxd.it/7W9P7X,3,,,2024-11-30
2024-12-01,A Taxi Driver,2017,https://boxd.it/7WCdV9,4.5,,,2024-12-01
2024-12-01,Deadstream,2022,https://boxd.it/7WG8Qh,4,,,2024-12-01
2024-12-02,KA,2024,https://boxd.it/7Xg6eR,4,,,2024-12-02
2024-12-03,Abigail,2024,https://boxd.it/7XG7q7,3,,,2024-12-03
2024-12-04,Terrifier,2016,https://boxd.it/7XPv1j,3.5,,,2024-12-03
2024-12-07,Terrifier 2,2022,https://boxd.it/7Z6Ohj,3.5,,,2024-12-06
2024-12-08,Insomnia,2002,https://boxd.it/7ZDeWr,3.5,,,2024-12-07
2024-12-08,Terrifier 3,2024,https://boxd.it/8056aF,3,,,2024-12-08
2024-12-11,Batman: Mask of the Phantasm,1993,https://boxd.it/81c7PH,4,,,2024-12-10
2024-12-11,Sinister,2012,https://boxd.it/81c8dz,3,,,2024-12-10
2024-12-12,The Wolf of Wall Street,2013,https://boxd.it/81FexD,4,,,2024-12-11
2024-12-13,The Body,2012,https://boxd.it/827PqP,5,,,2024-12-12
2024-12-13,Oldboy,2003,https://boxd.it/8281NL,5,,,2024-12-12
2024-12-13,Shutter Island,2010,https://boxd.it/82825F,5,,,2024-12-12
2024-12-13,The Sixth Sense,1999,https://boxd.it/8282g9,4.5,,,2024-12-12
2024-12-13,American Psycho,2000,https://boxd.it/8282uZ,4,,,2024-12-12
2024-12-13,Predestination,2014,https://boxd.it/8282IR,4,,,2024-12-12
2024-12-13,The Menu,2022,https://boxd.it/8285Wd,4,,,2024-12-12
2024-12-13,Nightcrawler,2014,https://boxd.it/8286Oz,4,,,2024-12-12
2024-12-13,Jersey,2019,https://boxd.it/828fI1,5,,,2024-12-12
2024-12-13,The Pursuit of Happyness,2006,https://boxd.it/828ghF,5,,,2024-12-12
2024-12-13,M.S. Dhoni: The Untold Story,2016,https://boxd.it/828iyt,4,,,2024-12-12
2024-12-13,Mad Max: Fury Road,2015,https://boxd.it/828rGL,4.5,,,2024-12-12
2024-12-13,Thangalaan,2024,https://boxd.it/829y7F,3.5,,,2024-12-12
2024-12-13,Atonement,2007,https://boxd.it/82tRa9,4.5,,,2024-12-13
2024-12-14,Audition,1999,https://boxd.it/82RGDR,3.5,,,2024-12-14
2024-12-14,Kumbalangi Nights,2019,https://boxd.it/82XfbD,5,,,2024-12-14
2024-12-17,For a Few Dollars More,1965,https://boxd.it/84rTm1,5,,,2024-12-17
2024-12-17,Jackie Brown,1997,https://boxd.it/84rUJ1,4,,,2024-12-17
2024-12-17,Venom: The Last Dance,2024,https://boxd.it/84rV9N,3,,,2024-12-17
2024-12-17,Breakdown,1997,https://boxd.it/84rVJL,4,,,2024-12-17
2024-12-17,The Wind Rises,2013,https://boxd.it/84rWoz,4,,,2024-12-17
2024-12-17,The Revenant,2015,https://boxd.it/84rXov,4,,,2024-12-17
2024-12-18,Prison Break: The Final Break,2009,https://boxd.it/84XhXH,4,,,2024-12-18
2024-12-18,Midnight in Paris,2011,https://boxd.it/85gQLJ,4,,,2024-12-18
2024-12-18,About Time,2013,https://boxd.it/85gRc1,4,,,2024-12-18
2024-12-19,The Banshees of Inisherin,2022,https://boxd.it/85koBJ,4,,,2024-12-18
2024-12-19,The Game,1997,https://boxd.it/85PDoH,4,,,2024-12-19
2024-12-20,Ustad Hotel,2012,https://boxd.it/86c3ch,4,,,2024-12-20
2024-12-20,Super Deluxe,2019,https://boxd.it/86c3AX,4,,,2024-12-20
2024-12-21,The Witch,2015,https://boxd.it/86rGeh,3.5,,,2024-12-20
2024-12-22,Anora,2024,https://boxd.it/86ZK0B,4,,,2024-12-21
2024-12-22,Carry-On,2024,https://boxd.it/87rkvf,4,,,2024-12-22
2024-12-22,Heretic,2024,https://boxd.it/87tB6v,4.5,,,2024-12-22
2024-12-22,The Fabelmans,2022,https://boxd.it/87tEzZ,4.5,,,2024-12-22
2024-12-22,Sookshmadarshini,2024,https://boxd.it/87B9dp,4,,,2024-12-22
2024-12-22,Ex Machina,2015,https://boxd.it/87B9In,4,,,2024-12-22
2024-12-23,Lady Bird,2017,https://boxd.it/887C7f,3.5,,,2024-12-23
2024-12-25,Pan's Labyrinth,2006,https://boxd.it/899FQZ,3.5,,,2024-12-24
2024-12-26,I Am Legend,2007,https://boxd.it/8arQCJ,4,,,2024-12-26
2024-12-27,Possession,1981,https://boxd.it/8aLUC9,4,,,2024-12-26
2024-12-28,Gladiator II,2024,https://boxd.it/8bF9Gb,4,,,2024-12-27
2024-12-29,Squid Game,2021,https://boxd.it/8dl7Zj,4.5,,,2024-12-29
2024-12-30,RRR: Behind & Beyond,2024,https://boxd.it/8doygB,5,,,2024-12-29
2025-01-01,No Mercy,2010,https://boxd.it/8fYpAx,4,,,2025-01-01
2025-01-06,Bangalore Days,2014,https://boxd.it/8kv8NB,4,,,2025-01-05
2025-01-07,A Bittersweet Life,2005,https://boxd.it/8lybcX,4,,,2025-01-06
2025-01-09,Alien: Romulus,2024,https://boxd.it/8nO4Q7,4,,,2025-01-09
2025-01-11,Confessions,2010,https://boxd.it/8ploTb,5,,,2025-01-10
2025-01-11,Joji,2021,https://boxd.it/8qnQrH,4,,,2025-01-11
2025-01-12,Barbarian,2022,https://boxd.it/8qyur3,3,,,2025-01-11
2025-01-12,One Day,2016,https://boxd.it/8rp7HX,4.5,,,2025-01-12
2025-01-13,The Royal Tenenbaums,2001,https://boxd.it/8rE8OP,4,,,2025-01-12
2025-01-13,Shōgun,2024,https://boxd.it/8szK0n,4.5,,,2025-01-13
2025-01-14,Snowpiercer,2013,https://boxd.it/8sH8rL,3.5,,,2025-01-13
2025-01-14,North 24 Kaatham,2013,https://boxd.it/8tlVQl,4,,,2025-01-14
2025-01-15,Upendra,1999,https://boxd.it/8u5l3f,5,,,2025-01-15
2025-01-16,Petite Maman,2021,https://boxd.it/8u8BLj,4.5,,,2025-01-15
2025-01-16,The Darjeeling Limited,2007,https://boxd.it/8udlTL,4,,,2025-01-15
2025-01-17,"Paris, Texas",1984,https://boxd.it/8uVOIF,5,,,2025-01-16
2025-01-17,The Elephant Man,1980,https://boxd.it/8vvTh7,5,,,2025-01-17
2025-01-19,The Mist,2007,https://boxd.it/8wtI1x,3,,,2025-01-18
2025-01-22,A,1998,https://boxd.it/8yWVQJ,4,,,2025-01-21
2025-01-23,Annayum Rasoolum,2013,https://boxd.it/8zDXvp,4,,,2025-01-22
2025-01-23,Viduthalai: Part II,2024,https://boxd.it/8zFZnL,3.5,,,2025-01-22
2025-01-24,Nosferatu,1922,https://boxd.it/8AlT5F,4,,,2025-01-23
2025-01-24,Look Back,2024,https://boxd.it/8Amstd,4.5,,,2025-01-23
2025-01-29,Nosferatu,2024,https://boxd.it/8Elav5,4.5,,,2025-01-28
2025-02-02,Gravity,2013,https://boxd.it/8H4wuL,3.5,,,2025-02-01
2025-02-05,Pushpa 2 - The Rule,2024,https://boxd.it/8Jk61N,4,,,2025-02-04
2025-02-05,Flow,2024,https://boxd.it/8Jngtj,4,,,2025-02-04
2025-02-06,Jaws,1975,https://boxd.it/8JXlAL,3.5,Yes,,2025-02-05
2025-02-07,Identity,2025,https://boxd.it/8KAqlf,3,,,2025-02-06
2025-02-08,Identity,2003,https://boxd.it/8L7O0h,4,,,2025-02-07
2025-02-09,The Theory of Everything,2014,https://boxd.it/8LP3WL,4,,,2025-02-08
2025-02-10,A Real Pain,2024,https://boxd.it/8MQiIZ,4,,,2025-02-10
2025-02-14,Amen,2013,https://boxd.it/8P0ggd,3.5,,,2025-02-13
2025-02-15,Marco,2024,https://boxd.it/8PA3br,2.5,,,2025-02-14
2025-02-15,Climax,2018,https://boxd.it/8Qa2EJ,3,,,2025-02-15
2025-02-16,La Strada,1954,https://boxd.it/8QV7hf,4.5,,,2025-02-16
2025-02-19,Princess Mononoke,1997,https://boxd.it/8SwpM9,4,,,2025-02-18
2025-02-20,Bougainvillea,2024,https://boxd.it/8T8oKx,3,,,2025-02-19
2025-02-21,The Shape of Water,2017,https://boxd.it/8TIOyT,4,,,2025-02-20
2025-02-27,Magnolia,1999,https://boxd.it/8XEMr5,5,,,2025-02-26
2025-02-28,Fantastic Mr. Fox,2009,https://boxd.it/8YavkZ,4.5,,,2025-02-27
2025-03-02,Dragon Ball DAIMA,2024,https://boxd.it/8ZjTHF,4,,,2025-03-01
2025-03-02,Halloween,1978,https://boxd.it/8ZjUdr,3.5,,,2025-03-01
2025-03-02,I Stand Alone,1998,https://boxd.it/8ZVY1b,3.5,,,2025-03-02
2025-03-02,Dream Scenario,2023,https://boxd.it/8ZYRvf,3,,,2025-03-02
2025-03-04,Aayirathil Oruvan,2010,https://boxd.it/90QWEp,4,,,2025-03-03
2025-03-07,UI,2024,https://boxd.it/92Bgqt,3,,,2025-03-06
2025-03-08,The Sabarmati Report,2024,https://boxd.it/93cHCZ,3.5,,,2025-03-07
2025-03-09,The Favourite,2018,https://boxd.it/94tmyb,3,,,2025-03-09
2025-03-10,The Chaser,2008,https://boxd.it/95gAIR,4,,,2025-03-10
2025-03-11,A Separation,2011,https://boxd.it/95lL6f,4,,,2025-03-10
2025-03-11,Companion,2025,https://boxd.it/95rq29,3.5,,,2025-03-10
2025-03-14,Lady Vengeance,2005,https://boxd.it/9762Qv,3.5,,,2025-03-13
2025-03-19,Chhaava,2025,https://boxd.it/9aeVEd,4,,,2025-03-18
2025-03-20,Matchstick Men,2003,https://boxd.it/9aKnn7,4,,,2025-03-19
2025-03-21,The Man from Nowhere,2010,https://boxd.it/9bgRuL,4,,,2025-03-20
2025-03-21,Ayla: The Daughter of War,2017,https://boxd.it/9bArKj,5,,,2025-03-21
2025-03-22,Wild at Heart,1990,https://boxd.it/9c9iyD,3.5,,,2025-03-22
2025-03-25,Rashomon,1950,https://boxd.it/9dGjIp,5,,,2025-03-24
2025-03-27,Ponman,2025,https://boxd.it/9eJY9F,4,,,2025-03-26
2025-03-30,Adolescence,2025,https://boxd.it/9gLDUn,4,,,2025-03-30
2025-04-13,Paatal Lok,2020,https://boxd.it/9o6rDz,4,,,2025-04-12
2025-04-13,Twilight of the Warriors: Walled In,2024,https://boxd.it/9owzsV,4,,,2025-04-13
2025-04-13,A Clockwork Orange,1971,https://boxd.it/9oAri7,4.5,,,2025-04-13
2025-04-14,Shutter,2004,https://boxd.it/9oN4vN,4,,,2025-04-13
2025-04-14,Dukhtar,2014,https://boxd.it/9pgDlL,4,,,2025-04-14
2025-04-17,The Admiral: Roaring Currents,2014,https://boxd.it/9qsXnF,4,,,2025-04-16
2025-04-18,Perusu,2025,https://boxd.it/9qZkbr,3.5,,,2025-04-17
2025-04-18,Raising Arizona,1987,https://boxd.it/9rqoxZ,4,,,2025-04-18
2025-04-21,Love Likes Coincidences,2011,https://boxd.it/9tBwxj,3.5,,,2025-04-21
2025-04-21,The Exorcist,1973,https://boxd.it/9tBxpb,5,,,2025-04-21
2025-04-24,Nilavuku En Mel Ennadi Kobam,2025,https://boxd.it/9vrSDV,2.5,,,2025-04-24
2025-04-25,John Wick,2014,https://boxd.it/9vXJpT,4.5,Yes,,2025-04-25
2025-04-27,Coco,2017,https://boxd.it/9xaUU9,5,,,2025-04-27
2025-04-29,Delibal,2015,https://boxd.it/9ylbfL,3,,,2025-04-29
2025-04-29,Ne Zha,2019,https://boxd.it/9ylbBR,5,,,2025-04-29
2025-05-02,The Monkey,2025,https://boxd.it/9ztEgX,3,,,2025-05-01
2025-05-03,Bedevilled,2010,https://boxd.it/9A62mB,3,,,2025-05-02
2025-05-03,Mouse,2021,https://boxd.it/9A64z3,5,,,2025-05-02
2025-05-03,Up,2009,https://boxd.it/9AxPqB,4,,,2025-05-03
2025-05-04,The Unbearable Weight of Massive Talent,2022,https://boxd.it/9Belbx,4,,,2025-05-04
2025-05-06,Crazxy,2025,https://boxd.it/9CB6r1,4.5,,,2025-05-06
2025-05-08,Noroi: The Curse,2005,https://boxd.it/9DcLkz,4.5,,,2025-05-07
2025-05-10,Bullet Train Explosion,2025,https://boxd.it/9ECg7v,4,,,2025-05-10
2025-05-11,Jallikattu,2019,https://boxd.it/9EGDA9,4.5,,,2025-05-10
2025-05-12,Paddington,2014,https://boxd.it/9Fmn1h,4,,,2025-05-11
2025-05-12,[REC],2007,https://boxd.it/9FoaKx,4,,,2025-05-11
2025-05-14,Impetigore,2019,https://boxd.it/9GzE3p,4,,,2025-05-13
2025-05-14,Mission: Impossible,1996,https://boxd.it/9GARNd,4,,,2025-05-13
2025-05-15,It Follows,2014,https://boxd.it/9H321F,3,,,2025-05-14
2025-05-15,Fandry,2013,https://boxd.it/9HvOzB,5,,,2025-05-15
2025-05-16,Ju-on: The Curse,2000,https://boxd.it/9HCUv5,4,,,2025-05-15
2025-05-16,Ju-on: The Curse 2,2000,https://boxd.it/9HCURv,3.5,,,2025-05-15
2025-05-17,Ju-on: The Grudge,2002,https://boxd.it/9I5XM7,4,,,2025-05-16
2025-05-17,Ju-on: The Grudge 2,2003,https://boxd.it/9I89Rn,4,,,2025-05-16
2025-05-22,Anaganaga,2025,https://boxd.it/9L9PYz,4,,,2025-05-21
2025-05-22,Mission: Impossible – The Final Reckoning,2025,https://boxd.it/9Lzpiz,4.5,,,2025-05-22
2025-05-23,Forgotten,2017,https://boxd.it/9M62OX,4,,,2025-05-23
2025-05-23,The Last Duel,2021,https://boxd.it/9M634h,4.5,,,2025-05-23
2025-05-24,Bluebeard,2017,https://boxd.it/9MIZGp,4,,,2025-05-24
2025-05-25,Satan's Slaves,2017,https://boxd.it/9MRjvH,3.5,,,2025-05-24
2025-05-25,The Host,2006,https://boxd.it/9NqWNl,4,,,2025-05-25
2025-05-26,Kolya,1996,https://boxd.it/9NAP7H,4,,,2025-05-25
2025-05-27,When Life Gives You Tangerines,2025,https://boxd.it/9OrO2H,5,,,2025-05-26
2025-05-28,Daredevil,2003,https://boxd.it/9PvgJT,3.5,,,2025-05-28
2025-05-29,The Invitation,2015,https://boxd.it/9PCSTB,3,,,2025-05-28
2025-05-29,The King of Comedy,1982,https://boxd.it/9Q579z,4,,,2025-05-29
2025-05-30,HIT: The Third Case,2025,https://boxd.it/9QDezn,4,,,2025-05-30
2025-05-31,Deep Water,2022,https://boxd.it/9QNjy5,3,,,2025-05-30
2025-05-31,The Dark and the Wicked,2020,https://boxd.it/9RhI8r,3,,,2025-05-31
2025-06-01,Sinners,2025,https://boxd.it/9RoPHH,4.5,,,2025-05-31
2025-06-02,Throne of Blood,1957,https://boxd.it/9SCbQV,4,,,2025-06-02
2025-06-03,Thudarum,2025,https://boxd.it/9TgKJb,4,,,2025-06-03
2025-06-03,The Equalizer 3,2023,https://boxd.it/9TgMNz,4,,,2025-06-03
2025-06-03,RoboCop,1987,https://boxd.it/9ThZrD,5,,,2025-06-03
2025-06-04,Natsamrat,2016,https://boxd.it/9TTw7b,4.5,,,2025-06-04
2025-06-07,Jurassic Park,1993,https://boxd.it/9VtQ77,5,,,2025-06-07
2025-06-08,The Lost World: Jurassic Park,1997,https://boxd.it/9Wcld9,3,,,2025-06-08
2025-06-11,Darkman,1990,https://boxd.it/9XGTNp,3.5,,,2025-06-10
2025-06-13,The Magnificent Seven,2016,https://boxd.it/9YOGDB,4,,,2025-06-12
2025-06-14,Tourist Family,2025,https://boxd.it/9Znv75,4.5,,,2025-06-13
2025-06-15,Thalavan,2024,https://boxd.it/a01lXb,4,,,2025-06-14
2025-06-15,Alien,1979,https://boxd.it/a0BQjD,4,,,2025-06-15
2025-06-18,Padakkalam,2025,https://boxd.it/a26EGh,3.5,,,2025-06-17
2025-06-19,Carne,1991,https://boxd.it/a2GvK7,3.5,,,2025-06-18
2025-06-21,Retro,2025,https://boxd.it/a3TzeJ,4,,,2025-06-20
2025-06-22,Alappuzha Gymkhana,2025,https://boxd.it/a59Iqb,3.5,,,2025-06-22
2025-06-22,American History X,1998,https://boxd.it/a5a6e9,4.5,,,2025-06-22
2025-06-23,The Worst Person in the World,2021,https://boxd.it/a5h84J,3,,,2025-06-22
2025-06-24,Eleven,2025,https://boxd.it/a63lsb,4,,,2025-06-23
2025-06-25,Chungking Express,1994,https://boxd.it/a6HyEz,5,,,2025-06-24
2025-06-26,28 Days Later,2002,https://boxd.it/a7lkkv,4,,,2025-06-25
2025-06-27,Moonrise Kingdom,2012,https://boxd.it/a7Zyqn,3.5,,,2025-06-26
2025-06-29,Good Will Hunting,1997,https://boxd.it/a9ijrR,5,,,2025-06-28
2025-06-29,F1,2025,https://boxd.it/a9NLsv,5,,,2025-06-29
2025-06-30,Jurassic Park III,2001,https://boxd.it/a9RJUP,3,,,2025-06-29
2025-07-02,Hannibal,2001,https://boxd.it/abkpcl,4,,,2025-07-01
2025-07-03,Ace,2025,https://boxd.it/ac18qh,3,,,2025-07-02
2025-07-03,Dogtooth,2009,https://boxd.it/acwxLV,4,,,2025-07-03
2025-07-04,War,2019,https://boxd.it/acEyEn,4,,,2025-07-03
2025-07-04,Garuda Gamana Vrishabha Vahana,2021,https://boxd.it/ad9UyN,4.5,,,2025-07-04
2025-07-05,Vash,2023,https://boxd.it/adgWBt,4.5,,,2025-07-04
2025-07-05,Mahanadhi,1994,https://boxd.it/adLENN,4,,,2025-07-05
2025-07-05,Chachi 420,1997,https://boxd.it/adLHpJ,4.5,,,2025-07-05
2025-07-05,Hey Ram,2000,https://boxd.it/adLJfr,5,,,2025-07-05
2025-07-05,Virumaandi,2004,https://boxd.it/adLJm3,4,,,2025-07-05
2025-07-06,The Mehta Boys,2024,https://boxd.it/adVxqd,4.5,,,2025-07-05
2025-07-06,Thunderbolts*,2025,https://boxd.it/aeutGB,4,,,2025-07-06
2025-07-06,Spirited Away,2001,https://boxd.it/aeC8pZ,5,,,2025-07-06
2025-07-09,Mercy for None,2025,https://boxd.it/agboJP,4,,,2025-07-08
2025-07-10,Failan,2001,https://boxd.it/agSvRH,5,,,2025-07-09
2025-07-11,Red Dragon,2002,https://boxd.it/ahAljN,4,,,2025-07-10
2025-07-12,New World,2013,https://boxd.it/aijJMT,4,,,2025-07-11
2025-07-13,Sapta Sagaradaache Ello - Side B,2023,https://boxd.it/aj2rWh,4,,,2025-07-12
2025-07-13,Sapta Sagaradaache Ello – Side A,2023,https://boxd.it/aj2sEN,4,,,2025-07-12
2025-07-13,Narivetta,2025,https://boxd.it/ajNDzt,3.5,,,2025-07-13
2025-07-14,The 33,2015,https://boxd.it/akAPP7,3,,,2025-07-14
2025-07-14,3-Iron,2004,https://boxd.it/akAQ71,4,,,2025-07-14
2025-07-16,War of the Arrows,2011,https://boxd.it/aluDGJ,4,,,2025-07-15
2025-07-18,Il Mare,2000,https://boxd.it/amXgnh,4.5,,,2025-07-17
2025-07-22,Always,2011,https://boxd.it/aq6PhD,4,,,2025-07-21
2025-07-22,In the Mood for Love,2000,https://boxd.it/aqLufN,4,,,2025-07-22
2025-07-23,Ode to My Father,2014,https://boxd.it/aqYWrN,5,,,2025-07-22
2025-07-24,Confession of Murder,2012,https://boxd.it/arHjCR,4,,,2025-07-23
2025-07-25,Assassination,2015,https://boxd.it/assWID,4.5,,,2025-07-24
2025-07-27,The Dictator,2012,https://boxd.it/aueYkD,3,,,2025-07-27
2025-07-27,How to Train Your Dragon,2025,https://boxd.it/auNKO5,5,,,2025-07-27
2025-07-27,The Negotiation,2018,https://boxd.it/auSePl,4,,,2025-07-27
2025-07-28,28 Weeks Later,2007,https://boxd.it/auVAdf,4,,,2025-07-27
2025-07-31,A Moment to Remember,2004,https://boxd.it/axCftv,4,,,2025-07-30
2025-08-03,The Suspect,2013,https://boxd.it/azRBOX,4,,,2025-08-02
2025-08-03,Sitaare Zameen Par,2025,https://boxd.it/aADMEZ,4,,,2025-08-03
2025-08-08,Tunnel,2016,https://boxd.it/aDUx1z,4,,,2025-08-07
2025-08-09,Ne Zha 2,2025,https://boxd.it/aFa0xX,5,,,2025-08-09
2025-08-09,Love Letter,1995,https://boxd.it/aFcG35,5,,,2025-08-09
2025-08-10,Peppermint Candy,1999,https://boxd.it/aG0E4l,4,,,2025-08-10
2025-08-13,28 Years Later,2025,https://boxd.it/aHOtmH,4.5,,,2025-08-12
2025-08-13,Oasis,2002,https://boxd.it/aHUp5J,4,,,2025-08-12
2025-08-14,Parandhu Po,2025,https://boxd.it/aIyoZ7,3,,,2025-08-13
2025-08-15,Gonjiam: Haunted Asylum,2018,https://boxd.it/aJdSF9,4,,,2025-08-14
2025-08-16,Ramayana: The Legend of Prince Rama,1993,https://boxd.it/aJRu9t,4,,,2025-08-15
2025-08-17,Mahavatar Narsimha,2024,https://boxd.it/aKEvkZ,5,,,2025-08-16
2025-08-17,Love Exposure,2008,https://boxd.it/aLmRNH,5,,,2025-08-17
2025-08-18,Infernal Affairs,2002,https://boxd.it/aLpKNh,5,,,2025-08-17
2025-08-18,House,1977,https://boxd.it/aLrcmP,4,,,2025-08-17
2025-08-18,The Poughkeepsie Tapes,2007,https://boxd.it/aLvd0X,4,,,2025-08-17
2025-08-18,Lake Mungo,2008,https://boxd.it/aLz6cb,4,,,2025-08-17
2025-08-19,The Texas Chain Saw Massacre,1974,https://boxd.it/aMpVuT,4.5,,,2025-08-18
2025-08-21,Pizza,2012,https://boxd.it/aNL1M1,4.5,Yes,,2025-08-20
2025-08-23,Kung Fu Hustle,2004,https://boxd.it/aP2nqJ,4,,,2025-08-22
2025-08-24,Maareesan,2025,https://boxd.it/aPINSD,4,,,2025-08-23
2025-08-24,Bring Her Back,2025,https://boxd.it/aPMGzH,4,,,2025-08-23
2025-08-24,25th Hour,2002,https://boxd.it/aQoC5T,4,,,2025-08-24
2025-08-30,Phantom Thread,2017,https://boxd.it/aTT1ib,4,,,2025-08-29
2025-08-30,Senna,2010,https://boxd.it/aUqnCN,4,,,2025-08-30
2025-08-31,October,2018,https://boxd.it/aVaKS7,5,,film,2025-08-31
2025-08-31,In the Mouth of Madness,1994,https://boxd.it/aVcNyX,4,,,2025-08-31
2025-08-31,CJ7,2008,https://boxd.it/aVfOYN,4.5,,,2025-08-31
2025-09-05,Superman,2025,https://boxd.it/aY40AL,4,,,2025-09-04
2025-09-05,Ring,1998,https://boxd.it/aY418D,3.5,,,2025-09-04
2025-09-05,A Complete Unknown,2024,https://boxd.it/aYth4n,3.5,,,2025-09-05
2025-09-10,Su from So,2025,https://boxd.it/b1nrMf,4,,,2025-09-09
2025-09-10,Thalaivan Thalaivii,2025,https://boxd.it/b1nvpJ,3,,,2025-09-09
2025-09-12,Men in Black,1997,https://boxd.it/b2rOZj,3.5,,,2025-09-11
2025-09-14,The Martian,2015,https://boxd.it/b4aa2v,4,,,2025-09-14
2025-09-14,"I, Robot",2004,https://boxd.it/b4aahv,3.5,,,2025-09-14
2025-09-14,Joint Security Area,2000,https://boxd.it/b4aaxN,4.5,,,2025-09-14
2025-09-14,Weapons,2025,https://boxd.it/b4aaJT,4.5,,,2025-09-14
2025-09-21,Kadaisi Vivasayi,2021,https://boxd.it/b8jplL,5,,,2025-09-21
2025-09-26,The Lunchbox,2013,https://boxd.it/bbbjQT,4.5,,,2025-09-26
2025-10-01,Kantara,2022,https://boxd.it/bejLWt,4,,,2025-10-01
2025-10-01,Gone Baby Gone,2007,https://boxd.it/bemgml,5,,,2025-10-01
2025-10-03,Rush,2013,https://boxd.it/bf4gTx,5,Yes,,2025-10-02
2025-10-08,Blue Velvet,1986,https://boxd.it/biswwz,5,,,2025-10-07
2025-10-09,Company,2002,https://boxd.it/bj0gsT,4,,,2025-10-08
2025-10-11,"The French Dispatch of the Liberty, Kansas Evening Sun",2021,https://boxd.it/bk1fcL,5,,,2025-10-10
2025-10-18,Men in Black II,2002,https://boxd.it/bp7JtJ,3.5,,,2025-10-18
2025-10-19,Avane Srimannarayana,2019,https://boxd.it/bpWlIx,4,,,2025-10-19
2025-10-20,Argo,2012,https://boxd.it/bq4g4D,4.5,,,2025-10-19
2025-10-25,Vash Level 2,2025,https://boxd.it/btnA7d,4.5,,,2025-10-24
2025-10-26,They Call Him OG,2025,https://boxd.it/btZlsr,4,,,2025-10-25
2025-10-30,Iratta,2023,https://boxd.it/bwZe2X,4,,,2025-10-29
2025-10-30,Dhuruvangal Pathinaaru,2016,https://boxd.it/bwZg89,4,,,2025-10-29
2025-10-31,Bad Boys,1995,https://boxd.it/bxI9NT,4,,,2025-10-30
2025-11-02,Kantara - A Legend: Chapter 1,2025,https://boxd.it/bz302F,4,,,2025-11-01
2025-11-02,Lokah Chapter 1: Chandra,2025,https://boxd.it/bzblDj,4,,,2025-11-01
2025-11-07,Barfi!,2012,https://boxd.it/bCWdQ1,5,,,2025-11-07
2025-11-09,Omniscient Reader: The Prophecy,2025,https://boxd.it/bEn3Gt,3,,,2025-11-09
2025-11-09,The Lost Bus,2025,https://boxd.it/bErAL5,4,,,2025-11-09
2025-11-11,Frankenstein,2025,https://boxd.it/bFXhl1,4,,,2025-11-11
2025-11-16,Dude,2025,https://boxd.it/bIHjAn,3,,,2025-11-15
2025-11-16,One Battle After Another,2025,https://boxd.it/bIHlGd,4.5,,,2025-11-15
2025-11-16,Good Bad Ugly,2025,https://boxd.it/bJm7rv,4,,,2025-11-16
2025-11-16,The Fantastic 4: First Steps,2025,https://boxd.it/bJrONz,4,,,2025-11-16
2025-11-17,I Am Sam,2001,https://boxd.it/bKePCP,5,,,2025-11-17
2025-11-18,My Neighbor Totoro,1988,https://boxd.it/bKpush,5,,,2025-11-17
2025-11-20,Om,1995,https://boxd.it/bLAz8x,4.5,,,2025-11-19
2025-11-20,Idli Kadai,2025,https://boxd.it/bLFVZD,3.5,,,2025-11-19
2025-11-22,Parava,2017,https://boxd.it/bMR8F3,4,,,2025-11-21
2025-11-23,Raavanan,2010,https://boxd.it/bNB1af,3.5,,,2025-11-22
2025-11-23,American Beauty,1999,https://boxd.it/bNBayb,4,,,2025-11-22
2025-11-25,Vaana,2008,https://boxd.it/bPQz15,3.5,,,2025-11-25
2025-11-28,Bison Kaalamaadan,2025,https://boxd.it/bRwISF,4,,,2025-11-28
2025-12-05,Antichrist,2009,https://boxd.it/bVKgjh,3,,,2025-12-04
2025-12-06,Aan Paavam Pollathathu,2025,https://boxd.it/bWiRAx,4,,,2025-12-05
2025-12-06,Bugonia,2025,https://boxd.it/bWmBFJ,3.5,,,2025-12-05
2025-12-06,Homebound,2025,https://boxd.it/bWTSFn,4.5,,,2025-12-06
2025-12-07,Diés Iraé,2025,https://boxd.it/bX182v,4,,,2025-12-06
2025-12-07,Aadukalam,2011,https://boxd.it/bXGyYn,4,,,2025-12-07
2025-12-07,In the Name of the Father,1993,https://boxd.it/bXKDiT,4.5,,,2025-12-07
2025-12-08,Thiruchitrambalam,2022,https://boxd.it/bXX4HF,4.5,,,2025-12-07
2025-12-09,Charlie,2015,https://boxd.it/bZiaGz,5,,,2025-12-09
2025-12-09,Gandhi,1982,https://boxd.it/bZiblx,4,,,2025-12-09
2025-12-10,The Evil Dead,1981,https://boxd.it/bZmemL,4,,,2025-12-09
2025-12-10,The Great Pre-Wedding Show,2025,https://boxd.it/bZTN3v,3.5,,,2025-12-10
2025-12-11,Volver,2006,https://boxd.it/c0sxx5,4,,,2025-12-11
2025-12-11,Memoir of a Murderer,2017,https://boxd.it/c0xcIL,4,,,2025-12-11
2025-12-12,Megamind,2010,https://boxd.it/c0CmmP,4,,,2025-12-11
2025-12-12,Blood Diamond,2006,https://boxd.it/c17yPr,4,,,2025-12-12
2025-12-13,Chainsaw Man – The Movie: Reze Arc,2025,https://boxd.it/c1dA8L,4,,,2025-12-12
2025-12-13,Close-Up,1990,https://boxd.it/c1OKPz,4.5,,,2025-12-13
2025-12-13,Taken,2008,https://boxd.it/c1QUaZ,4,,,2025-12-13
2025-12-14,Gangs of Wasseypur – Part 2,2012,https://boxd.it/c1WE1J,4.5,,,2025-12-13
2025-12-14,The Great Gatsby,2013,https://boxd.it/c2CKKf,4,,,2025-12-14
2025-12-14,Kandukondain Kandukondain,2000,https://boxd.it/c2Epaf,4,,,2025-12-14
2025-12-14,The Naked Gun,2025,https://boxd.it/c2Hv1T,4,,,2025-12-14
2025-12-15,The Housemaid,2010,https://boxd.it/c2ODHd,3.5,,,2025-12-14
2025-12-16,Sherlock Holmes,2009,https://boxd.it/c3JZ8j,4,,,2025-12-15
2025-12-16,Triangle,2009,https://boxd.it/c3Uqsl,3.5,,,2025-12-15
2025-12-17,The Aviator,2004,https://boxd.it/c4EiLh,4,,,2025-12-16
2025-12-17,The Hitch-Hiker,1953,https://boxd.it/c4Kn2t,3.5,,,2025-12-16
2025-12-17,Thirst,2009,https://boxd.it/c4KT13,3.5,,,2025-12-16
2025-12-17,Rope,1948,https://boxd.it/c4LJi1,5,,,2025-12-16
2025-12-18,Primer,2004,https://boxd.it/c5AlEf,3.5,,,2025-12-17
2025-12-19,Kaantha,2025,https://boxd.it/c7aAaF,4,,,2025-12-19
2025-12-20,Ice Age,2002,https://boxd.it/c8eiMD,5,Yes,,2025-12-20
2025-12-21,The Long Walk,2025,https://boxd.it/c8ll4X,4,,,2025-12-20
2025-12-21,Aaryan,2025,https://boxd.it/c9hEp7,3.5,,,2025-12-21
2025-12-22,Knives Out,2019,https://boxd.it/c9nPCX,4,,,2025-12-21
2025-12-25,Anasuya,2007,https://boxd.it/cdKjzf,4,Yes,,2025-12-25
2025-12-26,Klaus,2019,https://boxd.it/cdS2ol,5,,,2025-12-25
2025-12-26,Wolfwalkers,2020,https://boxd.it/cdVZ8x,3.5,,,2025-12-25
2025-12-27,The Matrix Revolutions,2003,https://boxd.it/cfated,3.5,,,2025-12-26
2025-12-27,Home Alone,1990,https://boxd.it/cfaXY1,4,,,2025-12-26
2025-12-28,Coherence,2013,https://boxd.it/cgg75p,4,,,2025-12-27
2025-12-28,First Blood,1982,https://boxd.it/cgl9oj,3.5,,,2025-12-27
2025-12-28,Glass Onion,2022,https://boxd.it/cgv4yj,4,,,2025-12-27
2025-12-28,The Deer Hunter,1978,https://boxd.it/chlYcR,4.5,,,2025-12-28
2025-12-29,Justice League: The Flashpoint Paradox,2013,https://boxd.it/chBgGv,4,,,2025-12-28
2025-12-30,Monster,2003,https://boxd.it/ciNvOR,4,,,2025-12-29
2025-12-30,Wake Up Dead Man,2025,https://boxd.it/ciTQif,4,,,2025-12-29
2025-12-30,Nuremberg,2025,https://boxd.it/cjTxb9,4,,,2025-12-30
2025-12-31,Train Dreams,2025,https://boxd.it/ck0qvZ,4,,,2025-12-30
2025-12-31,Little Miss Sunshine,2006,https://boxd.it/ckenMV,4,,,2025-12-30
2026-01-01,Dominic and the Ladies' Purse,2025,https://boxd.it/cldMp5,3.5,,,2025-12-31
2026-01-01,Pravinkoodu Shappu,2025,https://boxd.it/clpc0R,3.5,,,2025-12-31
2026-01-02,The Terminal,2004,https://boxd.it/cnu3sl,5,,,2026-01-01
2026-01-03,Slumdog Millionaire,2008,https://boxd.it/cnOYEX,4,,,2026-01-02
2026-01-06,Stranger Things 5: The Finale,2025,https://boxd.it/ctXxzj,3.5,,,2026-01-02
2026-01-04,Eko,2025,https://boxd.it/cpDBvp,4,,,2026-01-03
2026-01-05,Dead Poets Society,1989,https://boxd.it/crk3yf,5,,,2026-01-04
2026-01-06,Blue Valentine,2010,https://boxd.it/ctXDW9,3.5,,,2026-01-05
2026-01-07,Tidal Wave,2009,https://boxd.it/cv1wwl,3.5,,,2026-01-06
2026-01-07,Homework,1989,https://boxd.it/cv6wiN,5,,,2026-01-07
2026-01-08,The Amazing Spider-Man,2012,https://boxd.it/cvqDeN,5,Yes,,2026-01-07
2026-01-08,Mahanati,2018,https://boxd.it/cwaoyv,5,Yes,,2026-01-08
2026-01-09,The Summit of the Gods,2021,https://boxd.it/cwmBxJ,4,,,2026-01-08
2026-01-09,Mission: Impossible – Ghost Protocol,2011,https://boxd.it/cxaQFX,4,Yes,,2026-01-09
2026-01-10,Guy Ritchie's The Covenant,2023,https://boxd.it/cxo7Ar,4,,,2026-01-09
2026-01-10,Tholi Prema,1998,https://boxd.it/cyvmO7,5,Yes,,2026-01-10
2026-01-10,Maryada Ramanna,2010,https://boxd.it/cyvrpB,4.5,Yes,,2026-01-10
2026-01-11,The Green Knight,2021,https://boxd.it/cyFwFz,4,,,2026-01-10
2026-01-12,No Other Choice,2025,https://boxd.it/czW7jB,4,,,2026-01-11
2026-01-13,Chak De! India,2007,https://boxd.it/cBj34H,5,,,2026-01-12
2026-01-13,Midnight Run,1988,https://boxd.it/cC8UlD,5,,,2026-01-13
2026-01-14,Jab We Met,2007,https://boxd.it/cCrLA3,3.5,,,2026-01-13
2026-01-14,Cape Fear,1991,https://boxd.it/cDc6rD,3.5,,,2026-01-14
2026-01-15,Blue Moon,2025,https://boxd.it/cDupQj,4,,,2026-01-14
2026-01-16,Sentimental Value,2025,https://boxd.it/cEjylr,4.5,,,2026-01-15
2026-01-16,Creep,2014,https://boxd.it/cEqYZ7,3,,,2026-01-15
2026-01-16,The Running Man,2025,https://boxd.it/cF7gpF,3.5,,,2026-01-16
2026-01-17,It Was Just an Accident,2025,https://boxd.it/cFbZe1,4,,,2026-01-16
2026-01-17,"Sorry, Baby",2025,https://boxd.it/cFjLRT,4,,,2026-01-16
2026-01-17,Kalamkaval,2025,https://boxd.it/cG7tn7,3.5,,,2026-01-17
2026-01-18,Rekhachithram,2025,https://boxd.it/cHjXKX,3.5,,,2026-01-18
2026-01-19,Eternity,2025,https://boxd.it/cID7J3,4,,,2026-01-19
2026-01-20,KPop Demon Hunters,2025,https://boxd.it/cIJRlD,3.5,,,2026-01-19
2026-01-20,Rush Hour,1998,https://boxd.it/cJI7cx,4,,,2026-01-20
2026-01-21,Master,2021,https://boxd.it/cJV88d,4,Yes,,2026-01-20
2026-01-22,Mana ShankaraVaraPrasad Garu,2026,https://boxd.it/cKQG6f,2.5,,,2026-01-21
2026-01-23,Dhandoraa,2025,https://boxd.it/cLyk5n,3.5,,,2026-01-22
2026-01-23,Rental Family,2025,https://boxd.it/cMmKON,4.5,,,2026-01-23
2026-01-24,The Great Flood,2025,https://boxd.it/cNoF8v,3,,,2026-01-24
2026-01-25,Ronth,2025,https://boxd.it/cOCsTF,4,,,2026-01-25
2026-01-26,Sore: A Wife from the Future,2025,https://boxd.it/cOSWfd,4,,,2026-01-25
2026-01-26,Superboys of Malegaon,2024,https://boxd.it/cPYqMF,4,,,2026-01-26
2026-01-27,Officer on Duty,2025,https://boxd.it/cR9nVF,3.5,,,2026-01-27
2026-01-28,Demon Slayer: Kimetsu no Yaiba Infinity Castle,2025,https://boxd.it/cS6nBN,4,,,2026-01-28
2026-01-30,Together,2025,https://boxd.it/cTaqK1,3.5,,,2026-01-29
2026-01-30,Sirai,2025,https://boxd.it/cTObGD,4,,,2026-01-30
2026-01-30,Dhurandhar,2025,https://boxd.it/cTUPEf,4,,,2026-01-30
2026-01-31,Sarvam Maya,2025,https://boxd.it/cU6YxV,4,,,2026-01-30
2026-01-31,Court: State vs. A Nobody,2025,https://boxd.it/cUTqZp,4,,,2026-01-31
2026-02-01,The Smashing Machine,2025,https://boxd.it/cV45cX,3.5,,,2026-01-31
2026-02-01,Hridayapoorvam,2025,https://boxd.it/cVZgq1,3.5,,,2026-02-01
2026-02-02,Now You See Me: Now You Don't,2025,https://boxd.it/cWhbbV,3,,,2026-02-01
2026-02-03,The Phoenician Scheme,2025,https://boxd.it/cXk6Y9,4,,,2026-02-02
2026-02-03,Die My Love,2025,https://boxd.it/cY1ZR9,3,,,2026-02-03
2026-02-03,Hamnet,2025,https://boxd.it/cYaE65,,,,2026-02-03
2026-02-04,Novocaine,2025,https://boxd.it/cYjyqB,3,,,2026-02-03
2026-02-05,Haq,2025,https://boxd.it/cZ4mkb,4,,,2026-02-04
2026-02-05,The Housemaid,2025,https://boxd.it/cZ7EO5,3,,,2026-02-04
2026-02-05,100 METERS,2025,https://boxd.it/cZSyzd,4.5,,,2026-02-05
2026-02-06,Late Shift,2025,https://boxd.it/cZXGcB,4,,,2026-02-05
2026-02-06,Maranamass,2025,https://boxd.it/d0A9en,3.5,,,2026-02-06
2026-02-06,Rabbit Trap,2025,https://boxd.it/d0G2NH,3,,,2026-02-06
2026-02-07,Twinless,2025,https://boxd.it/d0MPMv,3.5,,,2026-02-06
2026-02-07,The Rajasaab,2026,https://boxd.it/d0SYNz,2.5,,,2026-02-06
2026-02-07,Mickey 17,2025,https://boxd.it/d1BiZN,4,,,2026-02-07
2026-02-08,The Ugly Stepsister,2025,https://boxd.it/d1Kq9N,3,,,2026-02-07
